Workbook

Sheet Vendas
A1: Data | B1: Ano | C1: Mês | D1: Nome do Mês | E1: ID Produto | F1: Quantidade | G1: Preço
A2: 44564 | B2: 2022 | C2: 1 | D2: Janeiro | E2: 510 | F2: 5 | G2: 30
A3: 44564 | B3: 2022 | C3: 1 | D3: Janeiro | E3: 516 | F3: 4 | G3: 18
A4: 44565 | B4: 2022 | C4: 1 | D4: Janeiro | E4: 510 | F4: 7 | G4: 42
A5: 44565 | B5: 2022 | C5: 1 | D5: Janeiro | E5: 514 | F5: 10 | G5: 65
A6: 44566 | B6: 2022 | C6: 1 | D6: Janeiro | E6: 548 | F6: 3 | G6: 6
A7: 44566 | B7: 2022 | C7: 1 | D7: Janeiro | E7: 510 | F7: 3 | G7: 18
A8: 44567 | B8: 2022 | C8: 1 | D8: Janeiro | E8: 530 | F8: 3 | G8: 25.5
A9: 44567 | B9: 2022 | C9: 1 | D9: Janeiro | E9: 540 | F9: 5 | G9: 37.5
A10: 44568 | B10: 2022 | C10: 1 | D10: Janeiro | E10: 524 | F10: 6 | G10: 12
A11: 44568 | B11: 2022 | C11: 1 | D11: Janeiro | E11: 562 | F11: 2 | G11: 10
A12: 44571 | B12: 2022 | C12: 1 | D12: Janeiro | E12: 560 | F12: 2 | G12: 16
A13: 44571 | B13: 2022 | C13: 1 | D13: Janeiro | E13: 542 | F13: 2 | G13: 20
... A338: 45007 | B338: 2023 | C338: 3 | D338: Março | E338: 576 | F338: 10 | G338: 125

Sheet Base
A1: Ano | B1: =Dashboard!Q11 -> 2022 | D1: Faturamento Anual | G1: Faturamento Mensal
D2: {=_xlfn.UNIQUE(Vendas[Ano])} -> 2022 | E2: =SUMIF(Vendas!B:B,Base!D2,Vendas!G:G) -> 8065.5 | G2: N. Mês | H2: Mês | I2: Faturamento
A3: Faturamento Total | B3: =SUMIF(Vendas!B:B,Base!B1,Vendas!G:G) -> 8065.5 | D3: 2023 | E3: =SUMIF(Vendas!B:B,Base!D3,Vendas!G:G) -> 3681 | G3: 1 | H3: =LEFT(_xlfn.XLOOKUP(G3,Vendas!C:C,Vendas!D:D,,0,1),3) -> Jan | I3: =SUMIFS(Vendas!G:G,Vendas!B:B,Base!$B$1,Vendas!C:C,Base!G3) -> 784.5
G4: 2 | H4: =LEFT(_xlfn.XLOOKUP(G4,Vendas!C:C,Vendas!D:D,,0,1),3) -> Fev | I4: =SUMIFS(Vendas!G:G,Vendas!B:B,Base!$B$1,Vendas!C:C,Base!G4) -> 667
A5: Maior Faturamento | B5: =MAX(I3:I14) -> 836.5 | G5: 3 | H5: =LEFT(_xlfn.XLOOKUP(G5,Vendas!C:C,Vendas!D:D,,0,1),3) -> Mar | I5: =SUMIFS(Vendas!G:G,Vendas!B:B,Base!$B$1,Vendas!C:C,Base!G5) -> 664
G6: 4 | H6: =LEFT(_xlfn.XLOOKUP(G6,Vendas!C:C,Vendas!D:D,,0,1),3) -> Abr | I6: =SUMIFS(Vendas!G:G,Vendas!B:B,Base!$B$1,Vendas!C:C,Base!G6) -> 531.5
A7: Maior Mês | B7: =_xlfn.XLOOKUP(B5,I3:I14,H3:H14,,0) -> Dez | G7: 5 | H7: =LEFT(_xlfn.XLOOKUP(G7,Vendas!C:C,Vendas!D:D,,0,1),3) -> Mai | I7: =SUMIFS(Vendas!G:G,Vendas!B:B,Base!$B$1,Vendas!C:C,Base!G7) -> 712.5
G8: 6 | H8: =LEFT(_xlfn.XLOOKUP(G8,Vendas!C:C,Vendas!D:D,,0,1),3) -> Jun | I8: =SUMIFS(Vendas!G:G,Vendas!B:B,Base!$B$1,Vendas!C:C,Base!G8) -> 762.5
G9: 7 | H9: =LEFT(_xlfn.XLOOKUP(G9,Vendas!C:C,Vendas!D:D,,0,1),3) -> Jul | I9: =SUMIFS(Vendas!G:G,Vendas!B:B,Base!$B$1,Vendas!C:C,Base!G9) -> 624.5
G10: 8 | H10: =LEFT(_xlfn.XLOOKUP(G10,Vendas!C:C,Vendas!D:D,,0,1),3) -> Ago | I10: =SUMIFS(Vendas!G:G,Vendas!B:B,Base!$B$1,Vendas!C:C,Base!G10) -> 651
G11: 9 | H11: =LEFT(_xlfn.XLOOKUP(G11,Vendas!C:C,Vendas!D:D,,0,1),3) -> Set | I11: =SUMIFS(Vendas!G:G,Vendas!B:B,Base!$B$1,Vendas!C:C,Base!G11) -> 529
G12: 10 | H12: =LEFT(_xlfn.XLOOKUP(G12,Vendas!C:C,Vendas!D:D,,0,1),3) -> Out | I12: =SUMIFS(Vendas!G:G,Vendas!B:B,Base!$B$1,Vendas!C:C,Base!G12) -> 691
G13: 11 | H13: =LEFT(_xlfn.XLOOKUP(G13,Vendas!C:C,Vendas!D:D,,0,1),3) -> Nov | I13: =SUMIFS(Vendas!G:G,Vendas!B:B,Base!$B$1,Vendas!C:C,Base!G13) -> 611.5
G14: 12 | H14: =LEFT(_xlfn.XLOOKUP(G14,Vendas!C:C,Vendas!D:D,,0,1),3) -> Dez | I14: =SUMIFS(Vendas!G:G,Vendas!B:B,Base!$B$1,Vendas!C:C,Base!G14) -> 836.5

Sheet FaturamentoAnual
A1: Ano | B1: Faturamento
A2: 2022 | B2: 8065.5
A3: 2023 | B3: 3681

Sheet VendasFiltradasPorAno
A1: Vendas.Mês | B1: Vendas.Nome do Mês.1 | C1: Faturamento
A2: 1 | B2: Jan | C2: 784.5
A3: 2 | B3: Fev | C3: 667
A4: 3 | B4: Mar | C4: 664
A5: 4 | B5: Abr | C5: 531.5
A6: 5 | B6: Mai | C6: 712.5
A7: 6 | B7: Jun | C7: 762.5
A8: 7 | B8: Jul | C8: 624.5
A9: 8 | B9: Ago | C9: 651
A10: 9 | B10: Set | C10: 529
A11: 10 | B11: Out | C11: 691
A12: 11 | B12: Nov | C12: 611.5
A13: 12 | B13: Dez | C13: 836.5

Sheet Base com consulta
A1: Ano
A2: =Dashboard!Q11 -> 2022

Sheet Dashboard
P2: =Base!B3 -> 8065.5 | AD2: =Base!B5 -> 836.5 | AR2: =Base!B7 -> Dez
P6: Faturamento Total | AD6: Maior Faturamento | AR6: Mês maior Faturamento
B9: Faturamento Anual | Q9: Faturamento Mensal
Q11: 2022
